<?xml version="1.0" encoding="UTF-8"?>
<!--
  ~ CODENVY CONFIDENTIAL
  ~ __________________
  ~
  ~ [2012] - [2013] Codenvy, S.A.
  ~ All Rights Reserved.
  ~
  ~ NOTICE:  All information contained herein is, and remains
  ~ the property of Codenvy S.A. and its suppliers,
  ~ if any.  The intellectual and technical concepts contained
  ~ herein are proprietary to Codenvy S.A.
  ~ and its suppliers and may be covered by U.S. and Foreign Patents,
  ~ patents in process, and are protected by trade secret or copyright law.
  ~ Dissemination of this information or reproduction of this material
  ~ is strictly forbidden unless prior written permission is obtained
  ~ from Codenvy S.A..
  -->

<module rename-to='_app'>
    <!-- Inherit the core Web Toolkit stuff.                        -->
    <inherits name='com.google.gwt.user.User'/>
    <inherits name="com.google.gwt.inject.Inject"/>
    <inherits name="com.google.gwt.json.JSON"/>

    <!-- We need the JUnit module in the main module,               -->
    <!-- otherwise eclipse complains (Google plugin bug?)           -->
    <inherits name='com.google.gwt.junit.JUnit'/>

    <!-- Inherit the default GWT style sheet.  You can change       -->
    <!-- the theme of your GWT application by uncommenting          -->
    <!-- any one of the following lines.                            -->
    <inherits name='com.google.gwt.user.theme.standard.Standard'/>
    <!-- <inherits name='com.google.gwt.user.theme.chrome.Chrome'/> -->
    <!-- <inherits name='com.google.gwt.user.theme.dark.Dark'/>     -->
    <!-- Other module inherits                                      -->
    <inherits name='com.codenvy.ide.Api'/>
    <inherits name="com.codenvy.ide.Core"/>

    <stylesheet src="IDE.css"/>

    <!-- Specify the app entry point class.                         -->
    <entry-point class='com.codenvy.ide.client.IDE'/>

    <!-- Enable Super Dev Mode support.                             -->
    <add-linker name='xsiframe'/>
    <set-configuration-property name='devModeRedirectEnabled' value='true'/>
    <!-- Enable SourceMaps support.                                 -->
    <set-property name='compiler.useSourceMaps' value='true'/>

    <!-- Specify the paths for translatable code                    -->
    <source path='client'/>
    <source path='shared'/>

</module>
