<!--
  ~ CODENVY CONFIDENTIAL
  ~ __________________
  ~
  ~ [2012] - [2013] Codenvy, S.A.
  ~ All Rights Reserved.
  ~
  ~ NOTICE:  All information contained herein is, and remains
  ~ the property of Codenvy S.A. and its suppliers,
  ~ if any.  The intellectual and technical concepts contained
  ~ herein are proprietary to Codenvy S.A.
  ~ and its suppliers and may be covered by U.S. and Foreign Patents,
  ~ patents in process, and are protected by trade secret or copyright law.
  ~ Dissemination of this information or reproduction of this material
  ~ is strictly forbidden unless prior written permission is obtained
  ~ from Codenvy S.A..
  -->

<ui:UiBinder xmlns:ui='urn:ui:com.google.gwt.uibinder'
             xmlns:g='urn:import:com.google.gwt.user.client.ui'>
    <g:HTMLPanel>
        <p>
            This is a demonstration of Notification API in Codenvy SDK. You can find
            <strong>Notification</strong>
            menu above.
        </p>
        <p>
            Click on it and choose one of the 4 available commands:
        </p>
        <p>
            <strong>Show INFO</strong>
            notification will Open INFO notification in the top right corner. The notification will be visible for 5 seconds, unless you
            close it earlier. When INFO notification is called, the following code is executed:
        </p>
        <pre>
            ...
            Notification notification = new Notification("This is a info notification...", INFO);
            notificationManager.showNotification(notification);
            ...
        </pre>
        <p>
            You can view full code in com.codenvy.ide.tutorial.notification.action.ShowInfoNotification.
        </p>
        <p>
            <strong>Show WARNING</strong>
            notification will Open WARNING notification in the top right corner. When WARNING notification is called, the following code
            is executed:
        </p>
        <pre>
            ...
            Notification notification = new Notification("This is a warning notification...", WARNING);
            notificationManager.showNotification(notification);
            ...
        </pre>
        <p>
            You can view full code in com.codenvy.ide.tutorial.notification.action.ShowWarningNotification.
        </p>
        <p>
            Show
            <strong>ERROR</strong>
            notification will Open ERROR notification in the top right corner. When ERROR notification is
            called, the following code is executed:
        </p>
        <pre>
            ...
            Notification notification = new Notification("This is a error notification...", ERROR);
            notificationManager.showNotification(notification);
            ...
        </pre>
        <p>
            You can view full code in com.codenvy.ide.tutorial.notification.action.ShowErrorNotification.
        </p>
        <p>
            <strong>Show PROGRESS</strong>
            notification will open PROGRESS notification in the top right corner. The notification will bi visible for 5 seconds. After
            a 5 second timeout a user is expected to make a choice, i.e. close notification as successful or failed. When PROGRESS
            notification is called, the following code is executed:
        </p>
        <pre>
            ...
            notification = new Notification("I'm doing something...", PROGRESS, this, this);
            notificationManager.showNotification(notification);
            ...
        </pre>
        <p>You can view full code in com.codenvy.ide.tutorial.notification.action.ShowProgressNotification.</p>
    </g:HTMLPanel>

</ui:UiBinder>