<?xml version="1.0" encoding="ISO-8859-1"?>
<!--

    Copyright (C) 2012 eXo Platform SAS.

    This is free software; you can redistribute it and/or modify it
    under the terms of the GNU Lesser General Public License as
    published by the Free Software Foundation; either version 2.1 of
    the License, or (at your option) any later version.

    This software is distributed in the hope that it will be useful,
    but WITHOUT ANY WARRANTY; without even the implied warranty of
    MERCHANTABILITY or FITNESS FOR A PARTICULAR PURPOSE. See the GNU
    Lesser General Public License for more details.

    You should have received a copy of the GNU Lesser General Public
    License along with this software; if not, write to the Free
    Software Foundation, Inc., 51 Franklin St, Fifth Floor, Boston, MA
    02110-1301 USA, or see the FSF site: http://www.fsf.org.

-->
<configuration xmlns:xsi="http://www.w3.org/2001/XMLSchema-instance"
               xsi:schemaLocation="http://www.exoplaform.org/xml/ns/kernel_1_0.xsd http://www.exoplaform.org/xml/ns/kernel_1_0.xsd"
               xmlns="http://www.exoplaform.org/xml/ns/kernel_1_0.xsd">

    <component>
        <type>com.codenvy.ide.everrest.EverrestInitializer</type>
    </component>
    <component>
        <type>org.everrest.core.impl.ResourceBinderImpl</type>
    </component>
    <component>
        <type>org.everrest.exoplatform.ProvidersRegistry</type>
    </component>

    <component>
        <type>org.everrest.exoplatform.ExoRequestDispatcher</type>
    </component>

    <component>
        <key>RestfulContainerProvider</key>
        <type>org.everrest.exoplatform.container.RestfulContainerProvider</type>
    </component>

    <component>
        <key>everrest</key>
        <type>org.everrest.exoplatform.container.RestfulContainer</type>
    </component>

    <component>
        <key>org.everrest.core.RequestHandler</key>
        <type>org.everrest.exoplatform.ExoRequestHandler</type>
        <init-params>
            <value-param>
                <name>org.everrest.http.method.override</name>
                <value>true</value>
            </value-param>
        </init-params>
    </component>
    <component>
        <type>org.everrest.exoplatform.StartableApplication</type>
    </component>
    <component>
        <type>org.everrest.exoplatform.ExoDependencySupplier</type>
    </component>

    <component>
        <type>org.everrest.services.RestServicesList</type>
    </component>

    <remove-configuration>org.exoplatform.services.rest.impl.ApplicationRegistry</remove-configuration>
    <remove-configuration>org.exoplatform.services.rest.impl.StartableApplication</remove-configuration>
    <remove-configuration>org.exoplatform.services.rest.impl.ProvidersRegistry</remove-configuration>
    <remove-configuration>org.exoplatform.services.rest.impl.RequestHandlerImpl</remove-configuration>
    <remove-configuration>org.exoplatform.services.rest.impl.RequestDispatcher</remove-configuration>
    <remove-configuration>org.exoplatform.services.rest.impl.ResourceBinder</remove-configuration>
    <remove-configuration>org.exoplatform.services.rest.impl.provider.JAXBContextResolver</remove-configuration>

</configuration>