<?xml version="1.0" encoding="UTF-8"?>
<!--
  ~ CODENVY CONFIDENTIAL
  ~ __________________
  ~
  ~ [2012] - [2013] Codenvy, S.A.
  ~ All Rights Reserved.
  ~
  ~ NOTICE:  All information contained herein is, and remains
  ~ the property of Codenvy S.A. and its suppliers,
  ~ if any.  The intellectual and technical concepts contained
  ~ herein are proprietary to Codenvy S.A.
  ~ and its suppliers and may be covered by U.S. and Foreign Patents,
  ~ patents in process, and are protected by trade secret or copyright law.
  ~ Dissemination of this information or reproduction of this material
  ~ is strictly forbidden unless prior written permission is obtained
  ~ from Codenvy S.A..
  -->

<project xmlns="http://maven.apache.org/POM/4.0.0" xmlns:xsi="http://www.w3.org/2001/XMLSchema-instance"
         xsi:schemaLocation="http://maven.apache.org/POM/4.0.0 http://maven.apache.org/maven-v4_0_0.xsd">

    <!-- POM file generated with GWT webAppCreator -->
    <modelVersion>4.0.0</modelVersion>
    <parent>
        <groupId>com.codenvy.ide</groupId>
        <artifactId>codenvy-ide-parent</artifactId>
        <version>3.0.0-SNAPSHOT</version>
    </parent>
    <artifactId>codenvy-ide-client</artifactId>
    <packaging>war</packaging>
    <!--version>2.0-SNAPSHOT</version -->
    <name>Codenvy :: Client</name>

    <properties>
        <!-- GWT needs at least java 1.5 -->
        <webappDirectory>${project.build.directory}/${project.build.finalName}</webappDirectory>
        <project.build.sourceEncoding>UTF-8</project.build.sourceEncoding>
        <generated.sources.directory>${project.build.directory}/generated-sources/gen</generated.sources.directory>
    </properties>

    <dependencies>
        <dependency>
            <groupId>com.google.gwt</groupId>
            <artifactId>gwt-servlet</artifactId>
            <scope>runtime</scope>
        </dependency>
        <dependency>
            <groupId>com.google.gwt</groupId>
            <artifactId>gwt-user</artifactId>
            <scope>provided</scope>
        </dependency>
        <dependency>
            <groupId>com.google.gwt.inject</groupId>
            <artifactId>gin</artifactId>
        </dependency>
        <dependency>
            <groupId>junit</groupId>
            <artifactId>junit</artifactId>
            <scope>test</scope>
        </dependency>
        <dependency>
            <!-- needs extra dependencies: objenesis & hamcrest -->
            <groupId>org.mockito</groupId>
            <artifactId>mockito-core</artifactId>
            <scope>test</scope>
        </dependency>
        <dependency>
            <groupId>com.googlecode.gwt-test-utils</groupId>
            <artifactId>gwt-test-utils</artifactId>
            <scope>test</scope>
        </dependency>

        <dependency>
            <groupId>org.slf4j</groupId>
            <artifactId>slf4j-api</artifactId>
        </dependency>
        <dependency>
            <groupId>org.slf4j</groupId>
            <artifactId>slf4j-log4j12</artifactId>
        </dependency>
        <dependency>
            <groupId>com.codenvy.ide</groupId>
            <artifactId>codenvy-ide-core</artifactId>
        </dependency>
        <!-- Serverside VFS -->
        <dependency>
            <groupId>org.exoplatform.ide</groupId>
            <artifactId>exo-ide-vfs-fs</artifactId>
            <scope>runtime</scope>
        </dependency>
        <dependency>
            <groupId>org.exoplatform.ide</groupId>
            <artifactId>exo-ide-websocket</artifactId>
            <exclusions>
                <exclusion>
                    <groupId>ch.qos.logback</groupId>
                    <artifactId>logback-classic</artifactId>
                </exclusion>
            </exclusions>
        </dependency>
        <!-- Extensions -->
        <dependency>
            <groupId>commons-io</groupId>
            <artifactId>commons-io</artifactId>
            <version>2.4</version>
            <scope>compile</scope>
        </dependency>

        <dependency>
            <groupId>org.reflections</groupId>
            <artifactId>reflections</artifactId>
            <version>0.9.9-RC1</version>
            <scope>compile</scope>
        </dependency>

    </dependencies>

    <build>
        <sourceDirectory>src/main/java</sourceDirectory>
        <resources>
            <resource>
                <directory>src/main/java</directory>
            </resource>
            <resource>
                <directory>src/main/resources</directory>
                <filtering>true</filtering>
            </resource>
        </resources>

        <!-- Generate compiled stuff in the folder used for developing mode -->
        <outputDirectory>${webappDirectory}/WEB-INF/classes</outputDirectory>

        <plugins>
            <!-- Source Generator invocation -->
            <plugin>
                <groupId>org.codehaus.mojo</groupId>
                <artifactId>exec-maven-plugin</artifactId>
                <version>1.2.1</version>
                <executions>
                    <execution>
                        <id>extManager-client</id>
                        <phase>generate-sources</phase>
                        <goals>
                            <goal>java</goal>
                        </goals>
                        <configuration>
                            <mainClass>com.codenvy.util.ExtensionManagerGenerator</mainClass>
                            <arguments>
                                <argument>--rootDir=${generated.sources.directory}</argument>
                            </arguments>
                        </configuration>
                    </execution>
                    <execution>
                        <id>IDEInjector-client</id>
                        <phase>generate-sources</phase>
                        <goals>
                            <goal>java</goal>
                        </goals>
                        <configuration>
                            <mainClass>com.codenvy.util.IDEInjectorGenerator</mainClass>
                            <arguments>
                                <argument>--rootDir=${generated.sources.directory}</argument>
                            </arguments>
                        </configuration>
                    </execution>
                </executions>
            </plugin>
            <plugin>
                <groupId>org.apache.maven.plugins</groupId>
                <artifactId>maven-surefire-plugin</artifactId>
                <configuration>
                    <skipTests>true</skipTests>
                </configuration>
            </plugin>
            <!-- GWT Maven Plugin -->
            <plugin>
                <groupId>org.codehaus.mojo</groupId>
                <artifactId>gwt-maven-plugin</artifactId>
                <executions>
                    <execution>
                        <configuration>
                            <extraJvmArgs>-Xss512m -Xmx2048m -XX:MaxPermSize=1024m</extraJvmArgs>
                        </configuration>
                        <goals>
                            <goal>compile</goal>
                            <goal>test</goal>
                            <goal>i18n</goal>
                        </goals>
                    </execution>
                </executions>
                <!-- Plugin configuration. There are many available options, see gwt-maven-plugin documentation at codehaus.org -->
                <configuration>
                    <module>com.codenvy.ide.IDEPlatform</module>
                    <logLevel>INFO</logLevel>
                    <extraJvmArgs>-Xss512m -Xmx2048m -XX:MaxPermSize=1024m</extraJvmArgs>
                    <runTarget>ide/dev-monit</runTarget>
                    <hostedWebapp>${webappDirectory}</hostedWebapp>
                    <i18nMessagesBundle>com.codenvy.ide.client.Messages</i18nMessagesBundle>
                </configuration>
            </plugin>

            <!-- Copy static web files before executing gwt:run -->
            <plugin>
                <groupId>org.apache.maven.plugins</groupId>
                <artifactId>maven-war-plugin</artifactId>
                <version>2.1.1</version>
            </plugin>
            <plugin>
                <groupId>org.apache.maven.plugins</groupId>
                <artifactId>maven-compiler-plugin</artifactId>
                <version>2.3.2</version>
                <configuration>
                    <source>1.7</source>
                    <target>1.7</target>
                    <excludes>
                        <exclude>**/ExtensionManager.java</exclude>
                        <exclude>**/IDEInjector.java</exclude>
                    </excludes>
                </configuration>
            </plugin>
            <plugin>
                <groupId>org.codehaus.mojo</groupId>
                <artifactId>build-helper-maven-plugin</artifactId>
                <version>1.8</version>
                <executions>
                    <execution>
                        <id>add-source</id>
                        <phase>generate-sources</phase>
                        <goals>
                            <goal>add-source</goal>
                        </goals>
                        <configuration>
                            <sources>
                                <source>${generated.sources.directory}</source>
                            </sources>
                        </configuration>
                    </execution>
                </executions>
            </plugin>
        </plugins>
    </build>

	<!--
	This profile is required for launching Codenvy plug-ins (extensions).
	See com.codenvy.ide.ext.extruntime.server.Utils.fixMGWT332Bug() method.
	It's a recommended (https://groups.google.com/d/msg/codehaus-mojo-gwt-maven-plugin-users/zvJ0IlGN7Fw/RbyteSEKXtoJ)
	workaround of a known bug of Maven GWT Plugin (https://jira.codehaus.org/browse/MGWT-332).
	-->
	<profiles>
		<profile>
			<id>customExtensionSources</id>
			<activation>
				<activeByDefault>false</activeByDefault>
			</activation>
			<build>
				<plugins>
					<plugin>
						<groupId>org.codehaus.mojo</groupId>
						<artifactId>build-helper-maven-plugin</artifactId>
						<version>1.8</version>
						<executions>
							<execution>
								<id>add-extension-sources</id>
								<phase>generate-sources</phase>
								<goals>
									<goal>add-source</goal>
								</goals>
								<!-- configuration section should be added by
								com.codenvy.ide.ext.extruntime.server.Utils.fixMGWT332Bug -->
							</execution>
						</executions>
					</plugin>
				</plugins>
			</build>
		</profile>
	</profiles>
</project>
