<!--
  ~ CODENVY CONFIDENTIAL
  ~ __________________
  ~
  ~ [2012] - [2013] Codenvy, S.A.
  ~ All Rights Reserved.
  ~
  ~ NOTICE:  All information contained herein is, and remains
  ~ the property of Codenvy S.A. and its suppliers,
  ~ if any.  The intellectual and technical concepts contained
  ~ herein are proprietary to Codenvy S.A.
  ~ and its suppliers and may be covered by U.S. and Foreign Patents,
  ~ patents in process, and are protected by trade secret or copyright law.
  ~ Dissemination of this information or reproduction of this material
  ~ is strictly forbidden unless prior written permission is obtained
  ~ from Codenvy S.A..
  -->

<!DOCTYPE module PUBLIC "-//Google Inc.//DTD Google Web Toolkit 2.0//EN"
        "http://google-web-toolkit.googlecode.com/svn/releases/2.0/distro-source/core/src/gwt-module.dtd">
<module>
    <inherits name="com.google.gwt.user.User"/>
    <inherits name="com.codenvy.ide.useragents"/>
    <inherits name="elemental.Elemental"/>

    <source path=""/>

    <!-- Allow for conditional compilation per user.agent with a single "if": -->
    <set-property name="user.agent" value="safari, gecko1_8, ie9"/>
    <replace-with class="com.codenvy.ide.util.browser.UserAgentStaticProperties.FirefoxImpl">
        <when-type-is class="com.codenvy.ide.util.browser.UserAgentStaticProperties"/>
        <when-property-is name="user.agent" value="gecko1_8"/>
    </replace-with>

    <replace-with class="com.codenvy.ide.util.browser.UserAgentStaticProperties.IEImpl">
        <when-type-is class="com.codenvy.ide.util.browser.UserAgentStaticProperties"/>

        <any>
            <when-property-is name="user.agent" value="ie6"/>
            <when-property-is name="user.agent" value="ie8"/>
            <when-property-is name="user.agent" value="ie9"/>
        </any>
    </replace-with>

    <!-- Restrict the build to Chrome, FF and english only for now. -->
    <set-property name="user.agent" value="safari,gecko1_8"/>

    <replace-with class="com.codenvy.ide.util.browser.BrowserUtils.Chrome">
        <when-type-is class="com.codenvy.ide.util.browser.BrowserUtils"/>
        <when-property-is name="user.agent" value="safari"/>
    </replace-with>
    <replace-with class="com.codenvy.ide.util.browser.BrowserUtils.Firefox">
        <when-type-is class="com.codenvy.ide.util.browser.BrowserUtils"/>
        <when-property-is name="user.agent" value="gecko1_8"/>
    </replace-with>

    <!-- Following rules are order dependent: android and iphone have to come after "simple" safari -->
    <replace-with class="com.codenvy.ide.util.browser.UserAgentStaticProperties.SafariImpl">
        <when-type-is class="com.codenvy.ide.util.browser.UserAgentStaticProperties"/>
        <when-property-is name="user.agent" value="safari"/>
    </replace-with>

    <replace-with class="com.codenvy.ide.util.browser.UserAgentStaticProperties.AndroidImpl">
        <when-type-is class="com.codenvy.ide.util.browser.UserAgentStaticProperties"/>
        <when-property-is name="mobile.user.agent" value="android"/>
    </replace-with>

    <replace-with class="com.codenvy.ide.util.browser.UserAgentStaticProperties.IPhoneImpl">
        <when-type-is class="com.codenvy.ide.util.browser.UserAgentStaticProperties"/>
        <when-property-is name="mobile.user.agent" value="iphone"/>
    </replace-with>

    <script src="codemirror2_base.js"/>
    <script src="codemirror2_parsers.js"/>
</module>
