<?xml version="1.0" encoding="UTF-8"?>
<module rename-to='IDE'>
    <!-- Inherit the core Web Toolkit stuff.                        -->
    <inherits name='com.google.gwt.user.User'/>
    <inherits name="com.google.gwt.inject.Inject"/>
    <inherits name="com.google.gwt.json.JSON"/>

    <!-- We need the JUnit module in the main module,               -->
    <!-- otherwise eclipse complains (Google plugin bug?)           -->
    <inherits name='com.google.gwt.junit.JUnit'/>

    <!-- Inherit the default GWT style sheet.  You can change       -->
    <!-- the theme of your GWT application by uncommenting          -->
    <!-- any one of the following lines.                            -->
    <inherits name='com.google.gwt.user.theme.standard.Standard'/>
    <!-- <inherits name='com.google.gwt.user.theme.chrome.Chrome'/> -->
    <!-- <inherits name='com.google.gwt.user.theme.dark.Dark'/>     -->
    <!-- Other module inherits                                      -->
    <inherits name='com.codenvy.ide.Api'/>
    <inherits name="com.codenvy.ide.Core"/>
    <inherits name='com.codenvy.ide.ext.java.Java'/>
    <inherits name='com.codenvy.ide.ext.java.jdi.JavaRuntimeExtension'/>
    <inherits name='com.codenvy.ide.extension.demo.Demo'/>
    <inherits name='com.codenvy.ide.extension.css.Css'/>
    <inherits name='com.codenvy.ide.extension.cloudfoundry.CloudFoundry'/>
    <inherits name='com.codenvy.ide.ext.appfog.AppFog'/>
    <inherits name='com.codenvy.ide.ext.cloudbees.CloudBees'/>
    <inherits name='com.codenvy.ide.ext.openshift.OpenShift'/>
    <inherits name='com.codenvy.ide.ext.gae.GAE'/>
    <inherits name='com.codenvy.ide.ext.aws.AWS'/>
    <inherits name='com.codenvy.ide.ext.jenkins.Jenkins'/>
    <inherits name='com.codenvy.ide.extension.maven.Maven'/>
    <inherits name='com.codenvy.ide.ext.git.Git'/>
    <inherits name='com.codenvy.ide.ext.ssh.Ssh'/>

    <stylesheet src="IDE.css"/>

    <!-- Specify the app entry point class.                         -->
    <entry-point class='com.codenvy.ide.client.IDE'/>

    <!-- Specify the paths for translatable code                    -->
    <source path='client'/>
    <source path='shared'/>

</module>
