<!DOCTYPE ui:UiBinder SYSTEM "http://dl.google.com/gwt/DTD/xhtml.ent">
<ui:UiBinder xmlns:ui="urn:ui:com.google.gwt.uibinder"
             xmlns:g="urn:import:com.google.gwt.user.client.ui">
    <g:DockLayoutPanel unit="PX" width="100%" height="100%"
                       ui:field="parent">
        <g:north size="26.0">
            <g:FlowPanel ui:field="tabsPanel"/>
        </g:north>
        <g:center>
            <g:SimplePanel ui:field="contentPanel"/>
        </g:center>
    </g:DockLayoutPanel>
</ui:UiBinder>