<!DOCTYPE ui:UiBinder SYSTEM "http://dl.google.com/gwt/DTD/xhtml.ent">
<ui:UiBinder xmlns:ui='urn:ui:com.google.gwt.uibinder'
             xmlns:g='urn:import:com.google.gwt.user.client.ui'
             xmlns:c='urn:import:com.codenvy.ide.ui'>
    <ui:with field='locale' type='com.codenvy.ide.tutorial.dto.TutorialDtoLocalizationConstant'/>
    <ui:with field='res' type='com.codenvy.ide.tutorial.dto.TutorialDtoResources'/>
    <ui:style>
        .alignBtn {
            float: right;
        }

        .spacing {
            margin-bottom: 10px;
        }

        .emptyBorder {
            margin: 6px;
        }

        .space {
            margin-right: 5px;
        }
    </ui:style>
    <g:DockLayoutPanel unit="PX" width="350px" height="250px" addStyleNames="{style.emptyBorder}">
        <g:south size="26.0">
            <g:FlowPanel>
                <c:Button addStyleNames="{style.alignBtn}" text="{locale.buttonCancel}" width="60px" size="SMALL" type="DANGER"
                          ui:field="btnCancel"/>
                <c:Button addStyleNames="{style.alignBtn} {style.space}" text="{locale.buttonCreate}" width="60px" size="SMALL"
                          type="SUCCESS" ui:field="btnCreate"/>
            </g:FlowPanel>
        </g:south>
        <g:center>
            <g:DockLayoutPanel unit="PX" width="100%" height="100%" styleName="{style.spacing}">
                <g:north size="22.0">
                    <g:CheckBox ui:field="publicField" HTML="{locale.publicFieldTitle}" addStyleNames="{res.gistCSS.textFont}"/>
                </g:north>
                <g:north size="20.0">
                    <g:Label text="{locale.snippetFieldTitle}" addStyleNames="{res.gistCSS.textFont}"/>
                </g:north>
                <g:center>
                    <g:TextArea ui:field="snippet" width="338px" height="140px" addStyleNames="{res.gistCSS.textFont}"/>
                </g:center>
            </g:DockLayoutPanel>
        </g:center>
    </g:DockLayoutPanel>
</ui:UiBinder>
