<!DOCTYPE ui:UiBinder SYSTEM "http://dl.google.com/gwt/DTD/xhtml.ent">
<ui:UiBinder xmlns:ui="urn:ui:com.google.gwt.uibinder"
             xmlns:g="urn:import:com.google.gwt.user.client.ui">
    <ui:style type='com.codenvy.ide.part.base.ToolButton.Style'>

        .controlPanel {
            float: left;
            overflow: hidden;

            /*border-bottom: 1px solid #C0C3C7 !important;*/
            -moz-box-sizing: border-box !important;
            box-sizing: border-box !important;
        }

        .button {
            bottom: 2px;
            left: 2px;
            overflow: hidden;
            position: absolute;
            right: 2px;
            top: 2px;
        }

        .buttonOver {
            -webkit-box-shadow: 0px 0px 2px rgba(50, 50, 50, 1);
            -moz-box-shadow:    0px 0px 2px rgba(50, 50, 50, 1);
            box-shadow:         0px 0px 2px rgba(50, 50, 50, 1);
            border-radius: 2px;
        }

        .buttonDown {
        }

        .iconPanel {
            /*margin: 2px;*/
            bottom: 0px;
            left: 0px;
            overflow: hidden;
            position: absolute;
            right: 0px;
            top: 0px;
        }

    </ui:style>

    <g:HTML styleName="{style.controlPanel}" ui:field="controlPanel">


                    <div class="{style.button}" ui:field="buttonPanel">
                        <div class="{style.iconPanel}" ui:field="iconPanel"></div>
                    </div>


    </g:HTML>

</ui:UiBinder>
