<?xml version="1.0" encoding="UTF-8"?>
<!--
  ~ CODENVY CONFIDENTIAL
  ~ __________________
  ~
  ~ [2012] - [2013] Codenvy, S.A.
  ~ All Rights Reserved.
  ~
  ~ NOTICE:  All information contained herein is, and remains
  ~ the property of Codenvy S.A. and its suppliers,
  ~ if any.  The intellectual and technical concepts contained
  ~ herein are proprietary to Codenvy S.A.
  ~ and its suppliers and may be covered by U.S. and Foreign Patents,
  ~ patents in process, and are protected by trade secret or copyright law.
  ~ Dissemination of this information or reproduction of this material
  ~ is strictly forbidden unless prior written permission is obtained
  ~ from Codenvy S.A..
  -->

<!DOCTYPE module PUBLIC "-//Google Inc.//DTD Google Web Toolkit 2.4.0//EN"
  "http://google-web-toolkit.googlecode.com/svn/tags/2.4.0/distro-source/core/src/gwt-module.dtd">
<module>
    <!-- Generator that builds ExtensionManager from ExtensionDefinition annotations. -->
    <generate-with class="com.codenvy.ide.extension.ExtensionRegistryGenerator">
        <when-type-assignable class="com.codenvy.ide.extension.ExtensionRegistry"/>
    </generate-with>

    <inherits name="com.google.gwt.user.User"/>

    <inherits name="elemental.Elemental"/>
    <inherits name="com.codenvy.ide.Commons"/>
    <inherits name="com.google.gwt.json.JSON"/>
    <inherits name="com.google.gwt.inject.Inject"/>

    <source path=""/>
</module>