<!DOCTYPE ui:UiBinder SYSTEM "http://dl.google.com/gwt/DTD/xhtml.ent">
<ui:UiBinder xmlns:ui="urn:ui:com.google.gwt.uibinder" xmlns:g="urn:import:com.google.gwt.user.client.ui">
    <ui:with field='res' type='com.codenvy.ide.workspace.WorkBenchResources'></ui:with>
    <g:DockLayoutPanel unit="PX" width="100%" height="100%">
        <g:south size="24">
            <g:FlowPanel ui:field="bottomPanel" addStyleNames="{res.workBenchCss.ideWorkBenchToolPanelBottom}"/>
        </g:south>
        <g:east size="24">
            <g:FlowPanel ui:field="rightPanel" addStyleNames="{res.workBenchCss.ideWorkBenchToolPanelRight}"/>
        </g:east>
        <g:west size="24">
            <g:FlowPanel ui:field="leftPanel" addStyleNames="{res.workBenchCss.ideWorkBenchToolPanelLeft}"/>
        </g:west>
        <g:center>
            <g:SplitLayoutPanel ui:field="splitPanel" width="100%" height="100%">
                <g:south size="0">
                    <g:SimplePanel ui:field="infoPanel" width="100%" height="100%"/>
                </g:south>
                <g:west size="0">
                    <g:SimplePanel ui:field="navPanel" width="100%" height="100%"/>
                </g:west>
                <g:east size="0">
                    <g:SimplePanel ui:field="toolPanel" width="100%" height="100%"/>
                </g:east>
                <g:center>
                    <g:SimplePanel ui:field="editorPanel"/>
                </g:center>
            </g:SplitLayoutPanel>
        </g:center>
    </g:DockLayoutPanel>
</ui:UiBinder>