<?xml version="1.0" encoding="ISO-8859-1"?>
<!--
  ~ CODENVY CONFIDENTIAL
  ~ __________________
  ~
  ~ [2012] - [2013] Codenvy, S.A.
  ~ All Rights Reserved.
  ~
  ~ NOTICE:  All information contained herein is, and remains
  ~ the property of Codenvy S.A. and its suppliers,
  ~ if any.  The intellectual and technical concepts contained
  ~ herein are proprietary to Codenvy S.A.
  ~ and its suppliers and may be covered by U.S. and Foreign Patents,
  ~ patents in process, and are protected by trade secret or copyright law.
  ~ Dissemination of this information or reproduction of this material
  ~ is strictly forbidden unless prior written permission is obtained
  ~ from Codenvy S.A..
  -->

<configuration xmlns:xsi="http://www.w3.org/2001/XMLSchema-instance"
               xsi:schemaLocation="http://www.exoplaform.org/xml/ns/kernel_1_0.xsd http://www.exoplaform.org/xml/ns/kernel_1_0.xsd"
               xmlns="http://www.exoplaform.org/xml/ns/kernel_1_0.xsd">

    <!--
    ***************************************************************************************
    ********************** Codenvy IDE Commons Components *********************************
    ***************************************************************************************
    -->

    <component>
        <type>com.codenvy.ide.IDEServiceApplication</type>
    </component>

    <component>
        <type>com.codenvy.ide.server.IdeUserApplication</type>
    </component>

    <component>
        <key>org.exoplatform.ide.extension.ssh.server.SshKeyStore</key>
        <type>org.exoplatform.ide.extension.ssh.server.DummySshKeyStore</type>
    </component>

    <!-- VirtualFileSystem -->
    <component>
        <type>org.exoplatform.ide.vfs.impl.fs.LocalFileSystemInitializer</type>
        <init-params>
            <values-param>
                <name>ids</name>
                <value>dev-monit</value>
                <value>tmp-dev-monit</value>
            </values-param>
        </init-params>
    </component>

    <!-- End VirtualFileSystem -->

    <!-- LogReader -->
    <component>
        <key>com.codenvy.logreader.LogPathProvider</key>
        <type>com.codenvy.logreader.SystemLogPathProvider</type>
    </component>
    <!-- End LogReader -->

    <!--
    ***************************************************************************************
    ********************** Language & Technology Supporting *******************************
    ***************************************************************************************
    -->

    <!--  Java  Support-->
    <component>
        <type>org.exoplatform.ide.extension.java.server.JavaServiceApplication</type>
    </component>

    <component>
        <type>org.exoplatform.ide.extension.java.server.JavaCodeAssistant</type>
    </component>

    <component>
        <type>org.exoplatform.ide.codeassistant.jvm.CodeAssistantStorageClient</type>
        <init-params>
            <value-param>
                <name>codeassistant-storage-base-url</name>
                <value>http://localhost:8080/codeassistant-storage</value>
            </value-param>
        </init-params>
    </component>

    <component>
        <key>org.exoplatform.ide.extension.java.jdi.server.ApplicationRunner</key>
        <type>org.exoplatform.ide.extension.java.jdi.server.CloudfoundryApplicationRunner</type>
    </component>
    <!-- End Java Support -->

    <!--
    ***************************************************************************************
    **************************** Builder System Supporting ********************************
    ***************************************************************************************
    -->

    <component>
        <type>org.exoplatform.ide.extension.jenkins.server.rest.JenkinsApplication</type>
    </component>

    <component>
        <type>org.exoplatform.ide.extension.maven.server.BuilderApplication</type>
    </component>

    <component>
        <type>org.exoplatform.ide.extension.maven.server.BuilderClient</type>
        <init-params>
            <value-param>
                <name>build-server-base-url</name>
                <value>http://localhost:8080/builder</value>
            </value-param>
        </init-params>
    </component>

    <!--
    ***************************************************************************************
    ********************************** PaaS's *********************************************
    ***************************************************************************************
    -->

    <component>
        <type>org.exoplatform.ide.extension.cloudfoundry.server.ext.CloudfoundryPool</type>
        <init-params>
            <object-param>
                <name>CF0</name>
                <object type="org.exoplatform.ide.extension.cloudfoundry.server.ext.CloudfoundryServerConfiguration">
                    <field name="target">
                        <string>http://api.javarun4.exoplatform.com</string>
                    </field>
                    <field name="user">
                        <string>exoidedev@exoplatform.com</string>
                    </field>
                    <field name="password">
                        <string>1234qwer</string>
                    </field>
                </object>
            </object-param>
        </init-params>
    </component>

    <component>
        <type>org.exoplatform.ide.extension.googleappengine.server.AppEngineClient</type>
    </component>

    <component>
        <type>org.exoplatform.ide.extension.googleappengine.server.AppEngineApplication</type>
    </component>

    <!--
    ***************************************************************************************
    ********************************** OAuth Support **************************************
    ***************************************************************************************
    -->

    <component>
        <type>com.codenvy.commons.security.oauth.OAuthAuthenticationApplication</type>
    </component>

    <component>
        <key>com.codenvy.commons.security.oauth.OAuthTokenProvider</key>
        <type>com.codenvy.commons.security.oauth.OAuthAuthenticatorTokenProvider</type>
    </component>

    <component>
        <type>org.exoplatform.ide.security.oauth.ExoOAuthAuthenticatorProvider</type>
    </component>

    <component>
        <type>org.exoplatform.ide.security.oauth.ExoGoogleOAuthAuthenticator</type>
        <init-params>
            <value-param>
                <name>type</name>
                <value>web</value>
            </value-param>
            <value-param>
                <name>client-id</name>
                <value>854018091723-fjpehkqiflfmhafcp6j3o1kvb504te2l.apps.googleusercontent.com</value>
            </value-param>
            <value-param>
                <name>client-secret</name>
                <value>8jxkJ8ROPCMoDY_7E52n6PAc</value>
            </value-param>
            <values-param>
                <name>redirect-uris</name>
                <value>http://ide2.codenvy-dev.com/ide/rest/ide/oauth/callback</value>
            </values-param>
        </init-params>
    </component>

    <component>
        <type>org.exoplatform.ide.security.oauth.ExoGitHubOAuthAuthenticator</type>
        <init-params>
            <value-param>
                <name>type</name>
                <value>web</value>
            </value-param>
            <value-param>
                <name>client-id</name>
                <value><!-- need to be filled --></value>
            </value-param>
            <value-param>
                <name>client-secret</name>
                <value><!-- need to be filled --></value>
            </value-param>
            <value-param>
                <name>auth-uri</name>
                <value>https://github.com/login/oauth/authorize</value>
            </value-param>
            <value-param>
                <name>token-uri</name>
                <value>https://github.com/login/oauth/access_token</value>
            </value-param>
            <values-param>
                <name>redirect-uris</name>
                <value><!-- need to be filled --></value>
            </values-param>
        </init-params>
    </component>

    <!--
    ***************************************************************************************
    ******************************* GitIgnoreConfigChecker ********************************
    ***************************************************************************************
    -->

    <component>
        <type>org.exoplatform.ide.git.server.GitIgnoreConfigChecker</type>
    </component>

</configuration>