<?xml version="1.0" encoding="ISO-8859-1"?>
<!--
  CODENVY CONFIDENTIAL
  __________________
  
   [2012] - [2013] Codenvy, S.A. 
   All Rights Reserved.
  
  NOTICE:  All information contained herein is, and remains
  the property of Codenvy S.A. and its suppliers,
  if any.  The intellectual and technical concepts contained
  herein are proprietary to Codenvy S.A.
  and its suppliers and may be covered by U.S. and Foreign Patents,
  patents in process, and are protected by trade secret or copyright law.
  Dissemination of this information or reproduction of this material
  is strictly forbidden unless prior written permission is obtained
  from Codenvy S.A..
-->

<configuration xmlns:xsi="http://www.w3.org/2001/XMLSchema-instance"
               xsi:schemaLocation="http://www.exoplaform.org/xml/ns/kernel_1_0.xsd http://www.exoplaform.org/xml/ns/kernel_1_0.xsd"
               xmlns="http://www.exoplaform.org/xml/ns/kernel_1_0.xsd">

    <!--
    ***************************************************************************************
    ********************** Codenvy IDE Commons Components *************************************
    ***************************************************************************************
    -->
    <component>
        <type>com.codenvy.ide.IDEServiceApplication</type>
    </component>

    <component>
        <type>com.codenvy.ide.server.IdeUserApplication</type>
    </component>

    <!-- VirtualFileSystem -->

    <component>
        <type>org.exoplatform.ide.vfs.impl.fs.LocalFileSystemInitializer</type>
        <init-params>
            <values-param>
                <name>ids</name>
                <value>dev-monit</value>
            </values-param>
        </init-params>
    </component>
</configuration>