<!DOCTYPE ui:UiBinder SYSTEM "http://dl.google.com/gwt/DTD/xhtml.ent">
<ui:UiBinder xmlns:ui="urn:ui:com.google.gwt.uibinder">
    <ui:style>
            /* Add CSS here. See the GWT docs on UI Binder for more details */
        .welcome {
            background-image: url(logo.png);
            background-repeat: no-repeat;
            background-position: 20px 0px;
            text-align: center;
            position: relative;
            height: 100%;
            width: 100%;
        }

        .features {
            text-align: left;
            /*margin: 0px auto*/
            display: inline-block;
        }

        div.botleft {
            display: block;
            /*set the div in the bottom right corner*/
            position: absolute;
            bottom: 20px;
            right: 2px;
            width: 100px;
        }
    </ui:style>
    <div class="{style.welcome}">
        <h2>Welcome to eXo IDE 2</h2>
        <small>
            * Please note, if Your name is not Benjamin, Gennady, Tyler, Mark
            <br/>
            Vitaly, Andrey, Evgen or Nikolay, then probably
            <br/>
            <b>YOU ARE NOT ALLOWED TO BE HERE :)</b>
        </small>

        <br/>
        <br/>
        <b>Build:</b>
        ${buildNumber}
        <br/>
        <h3>Latest features intorduced</h3>
        <div class="{style.features}">
            <ul>
                <li>
                    <b>Resource API</b>
                </li>
                <li>
                    <b>UI API :</b>
                    Core Expressions API (prototype)
                </li>
                <li>
                    <b>UI API :</b>
                    Main Menu API
                </li>
                <li>
                    <b>UI API :</b>
                    Parts API
                </li>
                <li>
                    <b>Editor API :</b>
                    Editor Registry (Binding FileType to Editor)
                </li>
                <li>
                    <b>Editor API :</b>
                    Syntax highlighting
                </li>
                <li>
                    <b>Editor API :</b>
                    Code Assistant API (demo with CSS Code Completion)
                </li>
                <li>
                    <b>Editor API :</b>
                    Outline (Demo based on Java Extension)
                </li>
                <li>
                    <b>Extensions API :</b>
                    Base implementation (CSS Code completion is an extension)
                </li>
                <li>
                    <b>Java Extension :</b>
                    <ul>
                        <li>Java code assistant</li>
                        <li>Errors and Wanrnings highlighting</li>
                        <li>Quick Assistant(Ctrl+1) for Java errors and warnings</li>
                    </ul>
                </li>
                <li>
                    <b>Wizard API :</b>
                    New Project Wizard, New File/Folder Wizards
                </li>
            </ul>
        </div>
        <div class="{style.botleft}">
            <a href="http://codenvy.com">
                <img src="exo.png"/>
            </a>
        </div>
    </div>
</ui:UiBinder>